<?xml version="1.0" encoding="utf-8" ?>
<dwsync>
<file name="arrow-left-big.png" server="ftp.dargnet.org" local="131257368000000000" remote="131257368000000000" Dst="2" />
<file name="arrow-r.png" server="ftp.dargnet.org" local="131257368000000000" remote="131257368000000000" Dst="2" />
<file name="back_dull.png" server="ftp.dargnet.org" local="131257368000000000" remote="131257368000000000" Dst="2" />
<file name="forward_dull.png" server="ftp.dargnet.org" local="131257368000000000" remote="131257368000000000" Dst="2" />
<file name="pause_dull.png" server="ftp.dargnet.org" local="131257368000000000" remote="131257368000000000" Dst="2" />
<file name="progress.gif" server="ftp.dargnet.org" local="131257368000000000" remote="131257368000000000" Dst="2" />
<file name="icones-png-theme-home-19.png" server="ftp.dargnet.org" local="131328629634514313" remote="131329737600000000" Dst="1" />
<file name="xbtop.png.pagespeed.ic.Kq8iy_6Hhi.png" server="ftp.dargnet.org" local="131328646003526889" remote="131329737600000000" Dst="1" />
<file name="3d-button-large-version-2.png" server="ftp.dargnet.org" local="131341720947437551" remote="131345947800000000" Dst="2" />
<file name="rock-art-button-large-version-5.png" server="ftp.dargnet.org" local="131340862520117184" remote="131345947800000000" Dst="2" />
<file name="wickiup-button-large-version-2.png" server="ftp.dargnet.org" local="131341721179126720" remote="131345947800000000" Dst="2" />
<file name="3d-button-large.png" server="ftp.dargnet.org" local="131340726600000000" remote="131340726600000000" Dst="2" />
<file name="rock-art-button-large-version-2.png" server="ftp.dargnet.org" local="131340726600000000" remote="131340726600000000" Dst="2" />
<file name="rock-art-button-large.png" server="ftp.dargnet.org" local="131340726600000000" remote="131340726600000000" Dst="2" />
<file name="wickiup-button-large.png" server="ftp.dargnet.org" local="131340726600000000" remote="131340726600000000" Dst="2" />
<file name="360-button.png" server="ftp.dargnet.org" local="131358985468281248" remote="131359942200000000" Dst="2" />
</dwsync>