<?xml version="1.0" encoding="utf-8" ?>
<dwsync>
<file name="handle.gif" server="ftp.dargnet.org" local="131257368000000000" remote="131257368000000000" Dst="2" />
<file name="jquery-1.6.1.min.js" server="ftp.dargnet.org" local="131257368000000000" remote="131257368000000000" Dst="2" />
<file name="jquery-ui-1.8.13.custom.min.js" server="ftp.dargnet.org" local="131257368000000000" remote="131257368000000000" Dst="2" />
<file name="jquery.beforeafter-1.4.js" server="ftp.dargnet.org" local="131257368000000000" remote="131257368000000000" Dst="2" />
<file name="jquery.beforeafter-1.4.min.js" server="ftp.dargnet.org" local="131257368000000000" remote="131257368000000000" Dst="2" />
<file name="lt-small.png" server="ftp.dargnet.org" local="131257368000000000" remote="131257368000000000" Dst="2" />
<file name="rt-small.png" server="ftp.dargnet.org" local="131251021508666397" remote="131297617800000000" Dst="1" />
<file name="bootstrap.min.js" server="ftp.dargnet.org" local="131323474162798690" remote="131329738800000000" Dst="1" />
<file name="jquery-1.11.3.min.js" server="ftp.dargnet.org" local="131347640077797612" remote="131348589600000000" Dst="2" />
<file name="jquery-1.9.1.min.js" server="ftp.dargnet.org" local="131323493186180187" remote="131329738800000000" Dst="1" />
<file name="jquery.singlePageNav.min.js" server="ftp.dargnet.org" local="131323474162798690" remote="131329738800000000" Dst="1" />
<file name="tether.min.js" server="ftp.dargnet.org" local="131323486955465759" remote="131329738800000000" Dst="1" />
<file name="jssor.slider-22.2.16.mini.js" server="ftp.dargnet.org" local="131347640078003135" remote="131348589600000000" Dst="2" />
<file name="jquery.min.js" server="ftp.dargnet.org" local="131262230535791919" remote="131357202600000000" Dst="2" />
<file name="jquery.threesixty.js" server="ftp.dargnet.org" local="131262229809931651" remote="131357203200000000" Dst="2" />
</dwsync>