<?xml version="1.0" encoding="utf-8" ?>
<dwsync>
<file name="BLM.png" server="ftp.dargnet.org" local="131332926911107188" remote="131333856000000000" Dst="1" />
<file name="Forest Service.png" server="ftp.dargnet.org" local="131332927167751707" remote="131333856000000000" Dst="1" />
<file name="History-colorado-logo.png" server="ftp.dargnet.org" local="131333139478945312" remote="131333856000000000" Dst="1" />
<file name="National Park Service.png" server="ftp.dargnet.org" local="131332927318114647" remote="131333856000000000" Dst="1" />
<file name="northern-ute.png" server="ftp.dargnet.org" local="131333106046062263" remote="131333856000000000" Dst="1" />
<file name="suit-tribal-seal1-720x720.png" server="ftp.dargnet.org" local="131333099233239285" remote="131333856000000000" Dst="1" />
<file name="Tribal Groups.png" server="ftp.dargnet.org" local="131333089180552058" remote="131333856000000000" Dst="1" />
<file name="ute-mountain-ute.png" server="ftp.dargnet.org" local="131333101187944506" remote="131333856600000000" Dst="1" />
</dwsync>