<?xml version="1.0" encoding="utf-8" ?>
<dwsync>
<file name="arrow-right-big.png" server="ftp.dargnet.org" local="131257368000000000" remote="131257368000000000" Dst="2" />
<file name="default.jpg" server="ftp.dargnet.org" local="131257368000000000" remote="131257368000000000" Dst="2" />
<file name="jscoord-1.1.1.js.download" server="ftp.dargnet.org" local="131257368000000000" remote="131257368000000000" Dst="2" />
<file name="jquery-1.10.1.min.js" server="ftp.dargnet.org" local="131257368000000000" remote="131257368000000000" Dst="2" />
<file name="jquery-1.10.1.min.js.download" server="ftp.dargnet.org" local="131257368000000000" remote="131257368000000000" Dst="2" />
<file name="masthead2rev.png" server="ftp.dargnet.org" local="131257368000000000" remote="131257368000000000" Dst="2" />
<file name="styles-combined3.css" server="ftp.dargnet.org" local="131257368000000000" remote="131257368000000000" Dst="2" />
<file name="NW_Piceance_All_Hotspot&Neighbor_Analysis.jpg" server="ftp.dargnet.org" local="131257368000000000" remote="131257368000000000" Dst="2" />
</dwsync>