<?xml version="1.0" encoding="utf-8" ?>
<dwsync>
<file name="back.png" server="xo3.x10hosting.com//public_html/" local="130524878040000000" remote="131224306200000000" Dst="2" />
<file name="bg-black.png" server="xo3.x10hosting.com//public_html/" local="130524878040000000" remote="131224306200000000" Dst="2" />
<file name="play.png" server="xo3.x10hosting.com//public_html/" local="130524878040000000" remote="131224306200000000" Dst="2" />
<file name="progress-back.png" server="xo3.x10hosting.com//public_html/" local="130524878040000000" remote="131224306200000000" Dst="2" />
<file name="back.png" server="ftp.dargnet.org" local="131257368000000000" remote="131257368000000000" Dst="2" />
<file name="bg-black.png" server="ftp.dargnet.org" local="131257368000000000" remote="131257368000000000" Dst="2" />
<file name="bg-hover.png" server="ftp.dargnet.org" local="131257368000000000" remote="131257368000000000" Dst="2" />
<file name="button-tray-down.png" server="ftp.dargnet.org" local="131257368000000000" remote="131257368000000000" Dst="2" />
<file name="button-tray-up.png" server="ftp.dargnet.org" local="131257368000000000" remote="131257368000000000" Dst="2" />
<file name="forward.png" server="ftp.dargnet.org" local="131257368000000000" remote="131257368000000000" Dst="2" />
<file name="nav-bg.png" server="ftp.dargnet.org" local="131257368000000000" remote="131257368000000000" Dst="2" />
<file name="nav-dot.png" server="ftp.dargnet.org" local="131257368000000000" remote="131257368000000000" Dst="2" />
<file name="pause.png" server="ftp.dargnet.org" local="131257368000000000" remote="131257368000000000" Dst="2" />
<file name="play.png" server="ftp.dargnet.org" local="131257368000000000" remote="131257368000000000" Dst="2" />
<file name="progress-back.png" server="ftp.dargnet.org" local="131257368000000000" remote="131257368000000000" Dst="2" />
<file name="progress-bar.png" server="ftp.dargnet.org" local="131257368000000000" remote="131257368000000000" Dst="2" />
<file name="progress.gif" server="ftp.dargnet.org" local="131257368000000000" remote="131257368000000000" Dst="2" />
<file name="supersized-logo.png" server="ftp.dargnet.org" local="131257368000000000" remote="131257368000000000" Dst="2" />
<file name="thumb-back.png" server="ftp.dargnet.org" local="131257368000000000" remote="131257368000000000" Dst="2" />
<file name="thumb-forward.png" server="ftp.dargnet.org" local="131257368000000000" remote="131257368000000000" Dst="2" />
</dwsync>