<?xml version="1.0" encoding="utf-8" ?>
<dwsync>
<file name="connect.inc.php" server="ftp.dargnet.org//springcreek/" local="131468821200000000" remote="131468821200000000" Dst="1" />
<file name="index.php" server="ftp.dargnet.org//springcreek/" local="131563695994775328" remote="131572526400000000" Dst="1" />
<file name="All Sites.csv" server="ftp.dargnet.org//springcreek/" local="131503324937874129" remote="131503443600000000" Dst="2" />
<file name="All Sites.xlsx" server="ftp.dargnet.org//springcreek/" local="131503324412858630" remote="131503443600000000" Dst="2" />
<file name="connect.inc.php" server="C:/xampp/htdocs" local="131467882879125967" remote="131467882870000000" Dst="2" />
<file name="index.php" server="C:/xampp/htdocs" local="131467892795727969" remote="131467892790000000" Dst="2" />
<file name="connect.inc.php" server="C:/xampp/htdocs/" local="131468668240000000" remote="131468668240000000" Dst="2" />
<file name="index.php" server="C:/xampp/htdocs/" local="131663859526694353" remote="131663859520000000" Dst="2" />
<file name="proj points collected.ods" server="ftp.dargnet.org//springcreek/" local="131496357200000000" remote="131497183200000000" Dst="2" />
<file name="All Sites latest update 9-19.xls" server="ftp.dargnet.org//springcreek/" local="131503326450000000" remote="131572526400000000" Dst="1" />
<file name="All Sites masha[Conflict].xls" server="ftp.dargnet.org//springcreek/" local="131496382950000000" remote="131572526400000000" Dst="1" />
<file name="sitetype.php" server="ftp.dargnet.org//springcreek/" local="131492177400000000" remote="131492177400000000" Dst="1" />
<file name="All Sites latest update 9-19.xls" server="ftp.dargnet.org" local="131503326450000000" remote="131663935800000000" Dst="2" />
<file name="All Sites masha[Conflict].xls" server="ftp.dargnet.org" local="131496382950000000" remote="131663935800000000" Dst="2" />
<file name="All Sites.csv" server="ftp.dargnet.org" local="131503324937874129" remote="131663935800000000" Dst="2" />
<file name="All Sites.xlsx" server="ftp.dargnet.org" local="131503324412858630" remote="131663935800000000" Dst="2" />
<file name="connect.inc.php" server="ftp.dargnet.org" local="131663877053252886" remote="131663949000000000" Dst="2" />
<file name="index.php" server="ftp.dargnet.org" local="131663859526694353" remote="131663935800000000" Dst="2" />
<file name="proj points collected.ods" server="ftp.dargnet.org" local="131496357200000000" remote="131663935800000000" Dst="2" />
<file name="sitetype.php" server="ftp.dargnet.org" local="131492177400000000" remote="131663935800000000" Dst="2" />
</dwsync>