<?xml version="1.0" encoding="utf-8" ?>
<dwsync>
<file name="CWP_1_tmb.jpg" server="xo3.x10hosting.com//public_html/" local="131224040827355736" remote="131224306200000000" Dst="2" />
<file name="CWP_3_tmb.jpg" server="xo3.x10hosting.com//public_html/" local="131224040869538149" remote="131224306200000000" Dst="2" />
<file name="CWP_4_tmb.jpg" server="xo3.x10hosting.com//public_html/" local="131224040913330654" remote="131224306200000000" Dst="2" />
<file name="CWP_1_tmb.jpg" server="ftp.dargnet.org" local="131257368000000000" remote="131257368000000000" Dst="2" />
<file name="CWP_3_cover.jpg" server="ftp.dargnet.org" local="131257368000000000" remote="131257368000000000" Dst="2" />
<file name="CWP_3_tmb.jpg" server="ftp.dargnet.org" local="131257368000000000" remote="131257368000000000" Dst="2" />
<file name="CWP_4_tmb.jpg" server="ftp.dargnet.org" local="131257368000000000" remote="131257368000000000" Dst="2" />
<file name="CWP_5_tmb.jpg" server="ftp.dargnet.org" local="131257368000000000" remote="131257368000000000" Dst="2" />
<file name="CWP_sandwash_cover.jpg" server="ftp.dargnet.org" local="131257368000000000" remote="131257368000000000" Dst="2" />
<file name="fallscreekcover_tmb.jpg" server="ftp.dargnet.org" local="131257368000000000" remote="131257368000000000" Dst="2" />
<file name="fallscreek_cover.jpg" server="ftp.dargnet.org" local="131257368000000000" remote="131257368000000000" Dst="2" />
<file name="mcclane_cover.jpg" server="ftp.dargnet.org" local="131257368000000000" remote="131257368000000000" Dst="2" />
<file name="mcclane_tmb.jpg" server="ftp.dargnet.org" local="131257368000000000" remote="131257368000000000" Dst="2" />
<file name="ute_ethno_cover.jpg" server="ftp.dargnet.org" local="131257368000000000" remote="131257368000000000" Dst="2" />
<file name="ute_ethno_tmb.jpg" server="ftp.dargnet.org" local="131257368000000000" remote="131257368000000000" Dst="2" />
<file name="CWP_6_tmb.jpg" server="ftp.dargnet.org" local="131332995400609823" remote="131333856600000000" Dst="1" />
<file name="CWP_7_tmb.jpg" server="ftp.dargnet.org" local="131332995759439904" remote="131333856600000000" Dst="1" />
<file name="Cottonwood Cave_cover.jpg" server="ftp.dargnet.org" local="131333852290189354" remote="131334721800000000" Dst="1" />
<file name="Cottonwood Cave_tmb.jpg" server="ftp.dargnet.org" local="131333852654686579" remote="131334721800000000" Dst="1" />
<file name="CWP_6_cover.jpg" server="ftp.dargnet.org" local="131333795405536866" remote="131334721800000000" Dst="1" />
<file name="CWP_7_cover.jpg" server="ftp.dargnet.org" local="131333843685652199" remote="131334721800000000" Dst="1" />
<file name="Piceance_Ethno_cover.jpg" server="ftp.dargnet.org" local="131333996497459077" remote="131334721800000000" Dst="1" />
<file name="Piceance_Ethno_tmb.jpg" server="ftp.dargnet.org" local="131333996784745793" remote="131334721800000000" Dst="1" />
<file name="CNM 2016 Report_cover.jpg" server="ftp.dargnet.org" local="131366604769082488" remote="131366692800000000" Dst="2" />
<file name="CNM 2016 Report_tmb.jpg" server="ftp.dargnet.org" local="131366605105019869" remote="131366692800000000" Dst="2" />
<file name="Gunsight Final REPORT_Web_Version.jpg" server="ftp.dargnet.org" local="131420287800000000" remote="131420287800000000" Dst="2" />
<file name="Gunsight Final REPORT_Web_Version_tmb.jpg" server="ftp.dargnet.org" local="131420287800000000" remote="131420287800000000" Dst="2" />
<file name="Eagle rock shelter_Redacted.jpg" server="ftp.dargnet.org" local="131520585426128227" remote="131520705000000000" Dst="2" />
<file name="Eagle rock shelter_Redacted_tmb.jpg" server="ftp.dargnet.org" local="131520585767193944" remote="131520705000000000" Dst="2" />
<file name="Griffith Report_tmb.jpg" server="ftp.dargnet.org" local="131776285732385583" remote="131776410000000000" Dst="2" />
<file name="Griffith Report_cover.jpg" server="ftp.dargnet.org" local="131776285155860216" remote="131776410000000000" Dst="2" />
</dwsync>