<?xml version="1.0" encoding="utf-8" ?>
<dwsync>
<file name="Bison-716.JPG" server="ftp.dargnet.org" local="131357279079335832" remote="131358227400000000" Dst="2" />
<file name="Bison-717.JPG" server="ftp.dargnet.org" local="131357279080958433" remote="131358227400000000" Dst="2" />
<file name="Bison-718.JPG" server="ftp.dargnet.org" local="131357279080296673" remote="131358227400000000" Dst="2" />
<file name="Bison-719.JPG" server="ftp.dargnet.org" local="131357279088699038" remote="131358227400000000" Dst="2" />
<file name="Bison-720.JPG" server="ftp.dargnet.org" local="131357279089691680" remote="131358227400000000" Dst="2" />
<file name="Bison-721.JPG" server="ftp.dargnet.org" local="131357279090493816" remote="131358227400000000" Dst="2" />
<file name="Bison-722.JPG" server="ftp.dargnet.org" local="131357279097662887" remote="131358227400000000" Dst="2" />
<file name="Bison-723.JPG" server="ftp.dargnet.org" local="131357279098475046" remote="131358227400000000" Dst="2" />
<file name="Bison-724.JPG" server="ftp.dargnet.org" local="131357279099638134" remote="131358227400000000" Dst="2" />
<file name="Bison-725.JPG" server="ftp.dargnet.org" local="131357279107108005" remote="131358227400000000" Dst="2" />
<file name="Bison-726.JPG" server="ftp.dargnet.org" local="131357279107839956" remote="131358227400000000" Dst="2" />
<file name="Bison-727.JPG" server="ftp.dargnet.org" local="131357279108381399" remote="131358227400000000" Dst="2" />
<file name="Bison-728.JPG" server="ftp.dargnet.org" local="131357279116121988" remote="131358227400000000" Dst="2" />
<file name="Bison-729.JPG" server="ftp.dargnet.org" local="131357279117184810" remote="131358227400000000" Dst="2" />
<file name="Bison-730.JPG" server="ftp.dargnet.org" local="131357279118267696" remote="131358227400000000" Dst="2" />
<file name="Bison-731.JPG" server="ftp.dargnet.org" local="131357279126092349" remote="131358227400000000" Dst="2" />
<file name="Bison-732.JPG" server="ftp.dargnet.org" local="131357279127185260" remote="131358227400000000" Dst="2" />
<file name="Bison-733.JPG" server="ftp.dargnet.org" local="131357279127506113" remote="131358227400000000" Dst="2" />
<file name="Bison-734.JPG" server="ftp.dargnet.org" local="131357279135597638" remote="131358227400000000" Dst="2" />
<file name="Bison-735.JPG" server="ftp.dargnet.org" local="131357279136891079" remote="131358227400000000" Dst="2" />
<file name="Bison-736.JPG" server="ftp.dargnet.org" local="131357279137933851" remote="131358227400000000" Dst="2" />
<file name="Bison-737.JPG" server="ftp.dargnet.org" local="131357279146416411" remote="131358227400000000" Dst="2" />
<file name="Bison-738.JPG" server="ftp.dargnet.org" local="131357279147138334" remote="131358228000000000" Dst="2" />
<file name="Bison-739.JPG" server="ftp.dargnet.org" local="131357279147419081" remote="131358228000000000" Dst="2" />
<file name="Bison-740.JPG" server="ftp.dargnet.org" local="131357279156763938" remote="131358228000000000" Dst="2" />
<file name="Bison-741.JPG" server="ftp.dargnet.org" local="131357279157726498" remote="131358228000000000" Dst="2" />
<file name="Bison-742.JPG" server="ftp.dargnet.org" local="131357279157586122" remote="131358228000000000" Dst="2" />
<file name="Bison-743.JPG" server="ftp.dargnet.org" local="131357279170039270" remote="131358228000000000" Dst="2" />
<file name="Bison-744.JPG" server="ftp.dargnet.org" local="131357279170680954" remote="131358228000000000" Dst="2" />
<file name="Bison-745.JPG" server="ftp.dargnet.org" local="131357279171142181" remote="131358228000000000" Dst="2" />
<file name="Bison-746.JPG" server="ftp.dargnet.org" local="131357279180667520" remote="131358228000000000" Dst="2" />
<file name="Bison-747.JPG" server="ftp.dargnet.org" local="131357279181409491" remote="131358228000000000" Dst="2" />
<file name="Bison-748.JPG" server="ftp.dargnet.org" local="131357279181910830" remote="131358228000000000" Dst="2" />
<file name="Bison-749.JPG" server="ftp.dargnet.org" local="131357279191837231" remote="131358228000000000" Dst="2" />
<file name="Bison-750.JPG" server="ftp.dargnet.org" local="131357279192178133" remote="131358228000000000" Dst="2" />
<file name="Bison-751.JPG" server="ftp.dargnet.org" local="131357279192809815" remote="131358228000000000" Dst="2" />
<file name="Bison-752.JPG" server="ftp.dargnet.org" local="131357279201613231" remote="131358228000000000" Dst="2" />
<file name="Bison-753.JPG" server="ftp.dargnet.org" local="131357279202094517" remote="131358228000000000" Dst="2" />
<file name="Bison-754.JPG" server="ftp.dargnet.org" local="131357279202545715" remote="131358228000000000" Dst="2" />
<file name="Bison-755.JPG" server="ftp.dargnet.org" local="131357279211940702" remote="131358228000000000" Dst="2" />
<file name="Bison-756.JPG" server="ftp.dargnet.org" local="131357279212401931" remote="131358228000000000" Dst="2" />
<file name="Bison-757.JPG" server="ftp.dargnet.org" local="131357279212823054" remote="131358228000000000" Dst="2" />
<file name="Bison-758.JPG" server="ftp.dargnet.org" local="131357279221696656" remote="131358228000000000" Dst="2" />
<file name="Bison-759.JPG" server="ftp.dargnet.org" local="131357279222318307" remote="131358228000000000" Dst="2" />
<file name="Bison-760.JPG" server="ftp.dargnet.org" local="131357279223381137" remote="131358228000000000" Dst="2" />
<file name="Bison-761.JPG" server="ftp.dargnet.org" local="131357279232435219" remote="131358228000000000" Dst="2" />
<file name="Bison-762.JPG" server="ftp.dargnet.org" local="131357279232736019" remote="131358228000000000" Dst="2" />
<file name="Bison-763.JPG" server="ftp.dargnet.org" local="131357279233006738" remote="131358228000000000" Dst="2" />
<file name="Bison-764.JPG" server="ftp.dargnet.org" local="131357279244026053" remote="131358228000000000" Dst="2" />
<file name="Bison-765.JPG" server="ftp.dargnet.org" local="131357279245179121" remote="131358228000000000" Dst="2" />
<file name="Bison-766.JPG" server="ftp.dargnet.org" local="131357279245098902" remote="131358228000000000" Dst="2" />
<file name="Bison-767.JPG" server="ftp.dargnet.org" local="131357279253902319" remote="131358228000000000" Dst="2" />
<file name="Bison-768.JPG" server="ftp.dargnet.org" local="131357279254433734" remote="131358228000000000" Dst="2" />
<file name="Bison-769.JPG" server="ftp.dargnet.org" local="131357279254935070" remote="131358228000000000" Dst="2" />
<file name="Bison-770.JPG" server="ftp.dargnet.org" local="131357279263467760" remote="131358228000000000" Dst="2" />
<file name="Bison-771.JPG" server="ftp.dargnet.org" local="131357279263999180" remote="131358228000000000" Dst="2" />
<file name="Bison-772.JPG" server="ftp.dargnet.org" local="131357279264881525" remote="131358228000000000" Dst="2" />
<file name="Bison-773.JPG" server="ftp.dargnet.org" local="131357279273604728" remote="131358228000000000" Dst="2" />
<file name="Bison-774.JPG" server="ftp.dargnet.org" local="131357279274497100" remote="131358228000000000" Dst="2" />
<file name="Bison-775.JPG" server="ftp.dargnet.org" local="131357279274968358" remote="131358228000000000" Dst="2" />
<file name="Bison-776.JPG" server="ftp.dargnet.org" local="131357279283591292" remote="131358228000000000" Dst="2" />
<file name="Bison-777.JPG" server="ftp.dargnet.org" local="131357279284503718" remote="131358228000000000" Dst="2" />
<file name="Bison-778.JPG" server="ftp.dargnet.org" local="131357279285105318" remote="131358228600000000" Dst="2" />
<file name="Bison-779.JPG" server="ftp.dargnet.org" local="131357279296325174" remote="131358228600000000" Dst="2" />
<file name="Bison-780.JPG" server="ftp.dargnet.org" local="131357279298521006" remote="131358228600000000" Dst="2" />
<file name="Bison-781.JPG" server="ftp.dargnet.org" local="131357279299242926" remote="131358228600000000" Dst="2" />
<file name="Bison-782.JPG" server="ftp.dargnet.org" local="131357279306000904" remote="131358228600000000" Dst="2" />
<file name="Bison-783.JPG" server="ftp.dargnet.org" local="131357279309971461" remote="131358228600000000" Dst="2" />
<file name="Bison-784.JPG" server="ftp.dargnet.org" local="131357279311345116" remote="131358228600000000" Dst="2" />
<file name="Bison-785.JPG" server="ftp.dargnet.org" local="131357279315425969" remote="131358228600000000" Dst="2" />
<file name="Bison-786.JPG" server="ftp.dargnet.org" local="131357279319677278" remote="131358228600000000" Dst="2" />
<file name="Bison-787.JPG" server="ftp.dargnet.org" local="131357279320970717" remote="131358228600000000" Dst="2" />
<file name="Bison-788.JPG" server="ftp.dargnet.org" local="131357279323898507" remote="131358228600000000" Dst="2" />
<file name="Bison-789.JPG" server="ftp.dargnet.org" local="131357279330786831" remote="131358228600000000" Dst="2" />
<file name="Bison-790.JPG" server="ftp.dargnet.org" local="131357279331288162" remote="131358228600000000" Dst="2" />
<file name="Bison-791.JPG" server="ftp.dargnet.org" local="131357279332481337" remote="131358228600000000" Dst="2" />
<file name="Bison-792.JPG" server="ftp.dargnet.org" local="131357279341655740" remote="131358228600000000" Dst="2" />
<file name="Bison-793.JPG" server="ftp.dargnet.org" local="131357279342167104" remote="131358228600000000" Dst="2" />
<file name="Bison-794.JPG" server="ftp.dargnet.org" local="131357279342668440" remote="131358228600000000" Dst="2" />
<file name="Bison-795.JPG" server="ftp.dargnet.org" local="131357279352364221" remote="131358228600000000" Dst="2" />
<file name="Bison-796.JPG" server="ftp.dargnet.org" local="131357279353025986" remote="131358228600000000" Dst="2" />
<file name="Bison-797.JPG" server="ftp.dargnet.org" local="131357279353336817" remote="131358228600000000" Dst="2" />
<file name="Bison-798.JPG" server="ftp.dargnet.org" local="131357279360175001" remote="131358228600000000" Dst="2" />
<file name="Bison-799.JPG" server="ftp.dargnet.org" local="131357279360866840" remote="131358228600000000" Dst="2" />
</dwsync>