<?xml version="1.0" encoding="utf-8" ?>
<dwsync>
<file name="animated-overlay.gif" server="xo3.x10hosting.com//public_html/" local="130772048640000000" remote="131219975400000000" Dst="2" />
<file name="Background1.png" server="xo3.x10hosting.com//public_html/" local="131206102146182297" remote="131219975400000000" Dst="2" />
<file name="Highlight1.png" server="xo3.x10hosting.com//public_html/" local="131203473275673500" remote="131219975400000000" Dst="2" />
<file name="ui-bg_diagonals-thick_18_b81900_40x40.png" server="xo3.x10hosting.com//public_html/" local="130772048640000000" remote="131219975400000000" Dst="2" />
<file name="ui-bg_diagonals-thick_20_666666_40x40.png" server="xo3.x10hosting.com//public_html/" local="130772048640000000" remote="131219975400000000" Dst="2" />
<file name="ui-bg_flat_10_000000_40x100.png" server="xo3.x10hosting.com//public_html/" local="130772048640000000" remote="131219975400000000" Dst="2" />
<file name="ui-bg_glass_100_f6f6f6_1x400.png" server="xo3.x10hosting.com//public_html/" local="130772048640000000" remote="131219975400000000" Dst="2" />
<file name="ui-bg_glass_100_fdf5ce_1x400.png" server="xo3.x10hosting.com//public_html/" local="130772048640000000" remote="131219975400000000" Dst="2" />
<file name="ui-bg_gloss-wave_35_f6a828_500x100.png" server="xo3.x10hosting.com//public_html/" local="130772048640000000" remote="131219975400000000" Dst="2" />
<file name="ui-bg_highlight-soft_100_eeeeee_1x100.png" server="xo3.x10hosting.com//public_html/" local="130772048640000000" remote="131219975400000000" Dst="2" />
<file name="ui-bg_highlight-soft_75_ffe45c_1x100.png" server="xo3.x10hosting.com//public_html/" local="130772048640000000" remote="131219975400000000" Dst="2" />
<file name="ui-icons_228ef1_256x240.png" server="xo3.x10hosting.com//public_html/" local="130772048640000000" remote="131219975400000000" Dst="2" />
<file name="ui-icons_ef8c08_256x240.png" server="xo3.x10hosting.com//public_html/" local="130772048640000000" remote="131219975400000000" Dst="2" />
<file name="ui-icons_ffd27a_256x240.png" server="xo3.x10hosting.com//public_html/" local="130772048640000000" remote="131219975400000000" Dst="2" />
<file name="ui-icons_ffffff_256x240.png" server="xo3.x10hosting.com//public_html/" local="130772048640000000" remote="131219975400000000" Dst="2" />
<file name="animated-overlay.gif" server="ftp.dargnet.org" local="131257368000000000" remote="131257368000000000" Dst="2" />
<file name="Background1.png" server="ftp.dargnet.org" local="131257368000000000" remote="131257368000000000" Dst="2" />
<file name="Highlight1.png" server="ftp.dargnet.org" local="131257368000000000" remote="131257368000000000" Dst="2" />
<file name="ui-bg_diagonals-thick_18_b81900_40x40.png" server="ftp.dargnet.org" local="131257368000000000" remote="131257368000000000" Dst="2" />
<file name="ui-bg_diagonals-thick_20_666666_40x40.png" server="ftp.dargnet.org" local="131257368000000000" remote="131257368000000000" Dst="2" />
<file name="ui-bg_flat_10_000000_40x100.png" server="ftp.dargnet.org" local="131257368000000000" remote="131257368000000000" Dst="2" />
<file name="ui-bg_glass_100_f6f6f6_1x400.png" server="ftp.dargnet.org" local="131257368000000000" remote="131257368000000000" Dst="2" />
<file name="ui-bg_glass_100_fdf5ce_1x400.png" server="ftp.dargnet.org" local="131257368000000000" remote="131257368000000000" Dst="2" />
<file name="ui-bg_gloss-wave_35_f6a828_500x100.png" server="ftp.dargnet.org" local="131257368000000000" remote="131257368000000000" Dst="2" />
<file name="ui-bg_highlight-soft_100_eeeeee_1x100.png" server="ftp.dargnet.org" local="131257368000000000" remote="131257368000000000" Dst="2" />
<file name="ui-bg_highlight-soft_75_ffe45c_1x100.png" server="ftp.dargnet.org" local="131257368000000000" remote="131257368000000000" Dst="2" />
<file name="ui-icons_228ef1_256x240.png" server="ftp.dargnet.org" local="131257368000000000" remote="131257368000000000" Dst="2" />
<file name="ui-icons_ef8c08_256x240.png" server="ftp.dargnet.org" local="131257368000000000" remote="131257368000000000" Dst="2" />
<file name="ui-icons_ffd27a_256x240.png" server="ftp.dargnet.org" local="131257368000000000" remote="131257368000000000" Dst="2" />
<file name="ui-icons_ffffff_256x240.png" server="ftp.dargnet.org" local="131257368000000000" remote="131257368000000000" Dst="2" />
</dwsync>