<?xml version="1.0" encoding="utf-8" ?>
<dwsync>
<file name="DARG_logo_clear_back_large.png" server="C:/xampp/htdocs/" local="131286427574184792" remote="131286391570000000" Dst="2" />
<file name="DARG Header.png" server="C:/xampp/htdocs/" local="131498071000000000" remote="131498071000000000" Dst="2" />
<file name="DARG logo.png" server="C:/xampp/htdocs/" local="131273482746896619" remote="131273446740000000" Dst="2" />
<file name="DARG Header.png" server="ftp.dargnet.org//springcreek/" local="131498282400000000" remote="131498282400000000" Dst="1" />
<file name="DARG logo.png" server="ftp.dargnet.org//springcreek/" local="131496463200000000" remote="131496463200000000" Dst="1" />
<file name="DARG_logo_clear_back_large.png" server="ftp.dargnet.org//springcreek/" local="131496463200000000" remote="131496463200000000" Dst="1" />
<file name="icones-png-theme-home-19.png" server="C:/xampp/htdocs/" local="131328629630000000" remote="131328593630000000" Dst="2" />
<file name="icones-png-theme-home-19.png" server="ftp.dargnet.org//springcreek/" local="131497255200000000" remote="131497255200000000" Dst="1" />
<file name="DARG Header.png" server="ftp.dargnet.org" local="131498071000000000" remote="131663935800000000" Dst="2" />
<file name="DARG logo.png" server="ftp.dargnet.org" local="131273482740000000" remote="131663935800000000" Dst="2" />
<file name="DARG_logo_clear_back_large.png" server="ftp.dargnet.org" local="131286427570000000" remote="131663935800000000" Dst="2" />
<file name="icones-png-theme-home-19.png" server="ftp.dargnet.org" local="131328629630000000" remote="131663935800000000" Dst="2" />
</dwsync>