<?xml version="1.0" encoding="utf-8" ?>
<dwsync>
<file name="5ME16710-panel2-detail.jpg" server="ftp.dargnet.org" local="131257368000000000" remote="131257368000000000" Dst="2" />
<file name="5RB2624-1-21.jpg" server="ftp.dargnet.org" local="131257368000000000" remote="131257368000000000" Dst="2" />
<file name="cclogo.png" server="ftp.dargnet.org" local="131257368000000000" remote="131257368000000000" Dst="2" />
<file name="bigbigsymbol.png" server="ftp.dargnet.org" local="131257368000000000" remote="131257368000000000" Dst="2" />
<file name="DARG Header.png" server="ftp.dargnet.org" local="131322534458242192" remote="131329737600000000" Dst="1" />
<file name="dendro1.jpg" server="ftp.dargnet.org" local="131257368000000000" remote="131257368000000000" Dst="2" />
<file name="dig-2010-1.jpg" server="ftp.dargnet.org" local="131257368000000000" remote="131257368000000000" Dst="2" />
<file name="5GF305_Panel_1_overview.jpg" server="ftp.dargnet.org" local="131257368000000000" remote="131257368000000000" Dst="2" />
<file name="leanertipi.jpg" server="ftp.dargnet.org" local="131257368000000000" remote="131257368000000000" Dst="2" />
<file name="milkcreek.jpg" server="ftp.dargnet.org" local="131257368000000000" remote="131257368000000000" Dst="2" />
<file name="Full_charcoal_panel.jpg" server="ftp.dargnet.org" local="131257368000000000" remote="131257368000000000" Dst="2" />
<file name="parianuchecountry.jpg" server="ftp.dargnet.org" local="131257368000000000" remote="131257368000000000" Dst="2" />
<file name="seibersteps.jpg" server="ftp.dargnet.org" local="131257368000000000" remote="131257368000000000" Dst="2" />
<file name="sandwashwick1.jpg" server="ftp.dargnet.org" local="131257368000000000" remote="131257368000000000" Dst="2" />
<file name="seibersteps2.jpg" server="ftp.dargnet.org" local="131257368000000000" remote="131257368000000000" Dst="2" />
<file name="whiterivercountry.jpg" server="ftp.dargnet.org" local="131257368000000000" remote="131257368000000000" Dst="2" />
<file name="ute-shoshone-pictos.jpg" server="ftp.dargnet.org" local="131257368000000000" remote="131257368000000000" Dst="2" />
<file name="wickiup-blackridge1.jpg" server="ftp.dargnet.org" local="131257368000000000" remote="131257368000000000" Dst="2" />
<file name="wickiup-rader1.jpg" server="ftp.dargnet.org" local="131257368000000000" remote="131257368000000000" Dst="2" />
<file name="IMG_4350_Pano.jpg" server="ftp.dargnet.org" local="131257368000000000" remote="131257368000000000" Dst="2" />
<file name="DARG logo.png" server="ftp.dargnet.org" local="131273482746896619" remote="131297617800000000" Dst="1" />
<file name="DARG logo FB.png" server="ftp.dargnet.org" local="131321899283944243" remote="131333856600000000" Dst="1" />
<file name="DARG-logo-clear back.png" server="ftp.dargnet.org" local="131286413107109376" remote="131297617800000000" Dst="1" />
<file name="DARG-logo-clear-back.png" server="ftp.dargnet.org" local="131286415118301042" remote="131297617800000000" Dst="1" />
<file name="DARG White Header Logo.png" server="ftp.dargnet.org" local="131375259931645538" remote="131375332800000000" Dst="2" />
<file name="DARG White Header.png" server="ftp.dargnet.org" local="131323632646645442" remote="131329737600000000" Dst="1" />
<file name="DARG_logo_clear_back_large.png" server="ftp.dargnet.org" local="131286427574184792" remote="131346855000000000" Dst="2" />
<file name="5ME20141_BigC_5680_5ME20741.JPG" server="ftp.dargnet.org" local="131347631094670919" remote="131348589600000000" Dst="2" />
<file name="5GF305_Panel_1_closeup.jpg" server="ftp.dargnet.org" local="131348605199219462" remote="131351269200000000" Dst="2" />
<file name="Panel 7 rock BigC277 5MN863.jpg" server="ftp.dargnet.org" local="131348603981140907" remote="131351269200000000" Dst="2" />
<file name="5ME16710_L2.jpg" server="ftp.dargnet.org" local="131352907107118991" remote="131353701000000000" Dst="2" />
</dwsync>