<?xml version="1.0" encoding="utf-8" ?>
<dwsync>
<file name="jquery-1.11.1.min.js" server="xo3.x10hosting.com//public_html/" local="130772048640000000" remote="131219975400000000" Dst="2" />
<file name="jquery-3.1.1.min.js" server="xo3.x10hosting.com//public_html/" local="131206893534097052" remote="131219975400000000" Dst="2" />
<file name="jquery.ui-1.10.4.tabs.min.js" server="xo3.x10hosting.com//public_html/" local="130772048640000000" remote="131219975400000000" Dst="2" />
<file name="jquery.ui.core.min.css" server="xo3.x10hosting.com//public_html/" local="130772048640000000" remote="131219975400000000" Dst="2" />
<file name="jquery.ui.tabs.min.css" server="xo3.x10hosting.com//public_html/" local="131215435084816570" remote="131219975400000000" Dst="2" />
<file name="jquery.ui.theme.min.css" server="xo3.x10hosting.com//public_html/" local="131220702480085732" remote="131224306200000000" Dst="2" />
<file name="chili-1.7.pack.js" server="ftp.dargnet.org" local="131257368000000000" remote="131257368000000000" Dst="2" />
<file name="jquery-1.3.2.js" server="ftp.dargnet.org" local="131257368000000000" remote="131257368000000000" Dst="2" />
<file name="jquery-1.11.1.min.js" server="ftp.dargnet.org" local="131257368000000000" remote="131257368000000000" Dst="2" />
<file name="jquery-1.6.1.min.js" server="ftp.dargnet.org" local="131257368000000000" remote="131257368000000000" Dst="2" />
<file name="jquery-3.1.1.min.js" server="ftp.dargnet.org" local="131257368000000000" remote="131257368000000000" Dst="2" />
<file name="jquery.cycle.all.css" server="ftp.dargnet.org" local="131257368000000000" remote="131257368000000000" Dst="2" />
<file name="jquery.easing.1.3.js" server="ftp.dargnet.org" local="131257368000000000" remote="131257368000000000" Dst="2" />
<file name="jquery.ui-1.10.4.tabs.min.js" server="ftp.dargnet.org" local="131257368000000000" remote="131257368000000000" Dst="2" />
<file name="jquery.ui.core.min.css" server="ftp.dargnet.org" local="131257368000000000" remote="131257368000000000" Dst="2" />
<file name="jquery.ui.tabs.min.css" server="ftp.dargnet.org" local="131328599100625519" remote="131329738800000000" Dst="1" />
<file name="jquery.ui.theme.min.css" server="ftp.dargnet.org" local="131257368000000000" remote="131257368000000000" Dst="2" />
<file name="supersized.3.1.3.min.js" server="ftp.dargnet.org" local="131257368000000000" remote="131257368000000000" Dst="2" />
<file name="modal-window.js" server="ftp.dargnet.org" local="131257368000000000" remote="131257368000000000" Dst="2" />
</dwsync>