<?xml version="1.0" encoding="utf-8" ?>
<dwsync>
<file name="image-01.jpg" server="ftp.dargnet.org" local="131226765679995505" remote="131329738200000000" Dst="1" />
<file name="image-02.jpg" server="ftp.dargnet.org" local="131335760602800029" remote="131335839000000000" Dst="1" />
<file name="image-03.jpg" server="ftp.dargnet.org" local="131335760310874241" remote="131335839000000000" Dst="1" />
<file name="image-04.jpg" server="ftp.dargnet.org" local="131226764952203877" remote="131329738800000000" Dst="1" />
<file name="image-05.jpg" server="ftp.dargnet.org" local="131226759205345176" remote="131329738800000000" Dst="1" />
<file name="image-06.jpg" server="ftp.dargnet.org" local="131226764239083089" remote="131329738800000000" Dst="1" />
<file name="image-07.jpg" server="ftp.dargnet.org" local="131226763815338852" remote="131329738800000000" Dst="1" />
<file name="tm-navbar.png" server="ftp.dargnet.org" local="131323475071745432" remote="131329738800000000" Dst="1" />
<file name="a17.png" server="ftp.dargnet.org" local="131347640078188609" remote="131348589600000000" Dst="2" />
<file name="loading.gif" server="ftp.dargnet.org" local="131347640078414188" remote="131348589600000000" Dst="2" />
<file name="t01.png" server="ftp.dargnet.org" local="131347640078284121" remote="131348589600000000" Dst="2" />
</dwsync>