<?xml version="1.0" encoding="utf-8" ?>
<dwsync>
<file name="5EA1273 Panel 1 view 2, BigC-4426.jpg" server="ftp.dargnet.org" local="131340698016217979" remote="131340774600000000" Dst="2" />
<file name="5EA1273 Panel 1 view 2,BigC-4426_lds.jpg" server="ftp.dargnet.org" local="131340698371573274" remote="131340774600000000" Dst="2" />
<file name="5EA1273 Panel 4, DC-4453.jpg" server="ftp.dargnet.org" local="131340698789912951" remote="131340774600000000" Dst="2" />
<file name="5EA1273 Panel 4, DC-4453_lds.jpg" server="ftp.dargnet.org" local="131340699047664603" remote="131340775200000000" Dst="2" />
<file name="5EA1273 Panel 5,  additional, DC-4492.jpg" server="ftp.dargnet.org" local="131340699376504096" remote="131340775200000000" Dst="2" />
<file name="5EA1273 Panel 5, additional, DC-4492_crgb.jpg" server="ftp.dargnet.org" local="131340699694004690" remote="131340775200000000" Dst="2" />
<file name="5ME4021_Panel3_d-stretch.jpg" server="ftp.dargnet.org" local="131297635086297159" remote="131309725800000000" Dst="1" />
<file name="5ME4021_Panel3_original.jpg" server="ftp.dargnet.org" local="131297634913442419" remote="131309725800000000" Dst="1" />
<file name="toll-road-d-stretch.jpg" server="ftp.dargnet.org" local="131340700607706118" remote="131340775200000000" Dst="2" />
<file name="toll-road.jpg" server="ftp.dargnet.org" local="131340700374184140" remote="131340775200000000" Dst="2" />
</dwsync>