<?xml version="1.0" encoding="utf-8" ?>
<dwsync>
<file name="cottonwood_abstract.html" server="ftp.dargnet.org" local="131366617887169770" remote="131366693400000000" Dst="2" />
<file name="cwp.html" server="ftp.dargnet.org" local="131348590200000000" remote="131348590200000000" Dst="2" />
<file name="cwp_1_abstract.html" server="ftp.dargnet.org" local="131333823000000000" remote="131333823000000000" Dst="2" />
<file name="cwp_3_abstract.html" server="ftp.dargnet.org" local="131309812800000000" remote="131309812800000000" Dst="2" />
<file name="cwp_4_abstract.html" server="ftp.dargnet.org" local="131309812800000000" remote="131309812800000000" Dst="2" />
<file name="cwp_5_abstract.html" server="ftp.dargnet.org" local="131334712800000000" remote="131334712800000000" Dst="2" />
<file name="cwp_6_abstract.html" server="ftp.dargnet.org" local="131334712800000000" remote="131334712800000000" Dst="2" />
<file name="cwp_7_abstract.html" server="ftp.dargnet.org" local="131334712800000000" remote="131334712800000000" Dst="2" />
<file name="dstretch.html" server="ftp.dargnet.org" local="131357258636609306" remote="131357332200000000" Dst="2" />
<file name="fallscreek_abstract.html" server="ftp.dargnet.org" local="131257368000000000" remote="131257368000000000" Dst="2" />
<file name="index.html" server="ftp.dargnet.org" local="131577625329552363" remote="131577698400000000" Dst="1" />
<file name="mcclane_abstract.html" server="ftp.dargnet.org" local="131375293545858983" remote="131375366400000000" Dst="2" />
<file name="panel3-5ME16710.html" server="ftp.dargnet.org" local="131257368000000000" remote="131257368000000000" Dst="2" />
<file name="permissions.html" server="ftp.dargnet.org" local="131257368000000000" remote="131257368000000000" Dst="2" />
<file name="rockart_editing.html" server="ftp.dargnet.org" local="131360570484955606" remote="131366693400000000" Dst="2" />
<file name="rockart_gallery.html" server="ftp.dargnet.org" local="131375247814754038" remote="131375322000000000" Dst="2" />
<file name="secure.php" server="ftp.dargnet.org" local="131257368000000000" remote="131257368000000000" Dst="2" />
<file name="ute_ethno_abstract.html" server="ftp.dargnet.org" local="131257368000000000" remote="131257368000000000" Dst="2" />
<file name="wickiup_gallery.html" server="ftp.dargnet.org" local="131360568761028030" remote="131402157000000000" Dst="2" />
<file name="360_gallery.html" server="ftp.dargnet.org" local="131359867252144636" remote="131359942800000000" Dst="2" />
<file name="index_rev.html" server="ftp.dargnet.org" local="131364904800000000" remote="131364904800000000" Dst="2" />
<file name="educational.html" server="ftp.dargnet.org" local="131520597244226291" remote="131520706200000000" Dst="2" />
<file name="selected_ephemeral_wf.html" server="ftp.dargnet.org" local="131366616288009497" remote="131366694000000000" Dst="2" />
<file name="gunsight_abstract.html" server="ftp.dargnet.org" local="131432310166254253" remote="131432483400000000" Dst="2" />
<file name="eagle_rock.html" server="ftp.dargnet.org" local="131520586062572737" remote="131520706200000000" Dst="2" />
<file name="eagle_rockpage.html" server="ftp.dargnet.org" local="131520628190633750" remote="131520706200000000" Dst="2" />
<file name="piceance_ethno_abstract.html" server="ftp.dargnet.org" local="131341015200000000" remote="131520706200000000" Dst="2" />
<file name="griffith_abstract.html" server="ftp.dargnet.org" local="131776301436276144" remote="131776410000000000" Dst="2" />
</dwsync>