<?xml version="1.0" encoding="utf-8" ?>
<dwsync>
<file name="animated.less" server="ftp.dargnet.org" local="131323474832080996" remote="131329737600000000" Dst="1" />
<file name="bordered-pulled.less" server="ftp.dargnet.org" local="131323474832237003" remote="131329737600000000" Dst="1" />
<file name="core.less" server="ftp.dargnet.org" local="131323474832237003" remote="131329737600000000" Dst="1" />
<file name="fixed-width.less" server="ftp.dargnet.org" local="131323474832393538" remote="131329737600000000" Dst="1" />
<file name="font-awesome.css" server="ftp.dargnet.org" local="131323474837533422" remote="131329737600000000" Dst="1" />
<file name="font-awesome.less" server="ftp.dargnet.org" local="131323474832393538" remote="131329737600000000" Dst="1" />
<file name="icons.less" server="ftp.dargnet.org" local="131323474832549553" remote="131329737600000000" Dst="1" />
<file name="larger.less" server="ftp.dargnet.org" local="131323474832705805" remote="131329737600000000" Dst="1" />
<file name="list.less" server="ftp.dargnet.org" local="131323474832862072" remote="131329737600000000" Dst="1" />
<file name="mixins.css" server="ftp.dargnet.org" local="131323474836595824" remote="131329737600000000" Dst="1" />
<file name="mixins.less" server="ftp.dargnet.org" local="131323474832862072" remote="131329737600000000" Dst="1" />
<file name="path.less" server="ftp.dargnet.org" local="131323474832862072" remote="131329737600000000" Dst="1" />
<file name="rotated-flipped.less" server="ftp.dargnet.org" local="131323474833018334" remote="131329737600000000" Dst="1" />
<file name="screen-reader.less" server="ftp.dargnet.org" local="131323474833018334" remote="131329737600000000" Dst="1" />
<file name="stacked.less" server="ftp.dargnet.org" local="131323474833174622" remote="131329737600000000" Dst="1" />
<file name="variables.css" server="ftp.dargnet.org" local="131323474836595824" remote="131329737600000000" Dst="1" />
<file name="variables.less" server="ftp.dargnet.org" local="131323474833174622" remote="131329737600000000" Dst="1" />
</dwsync>