<?xml version="1.0" encoding="utf-8" ?>
<dwsync>
<file name="bigtmb-dig2.jpg" server="xo3.x10hosting.com//public_html/" local="131215442716173058" remote="131219972400000000" Dst="2" />
<file name="bigtmb-rockart.jpg" server="xo3.x10hosting.com//public_html/" local="131215442865701611" remote="131219972400000000" Dst="2" />
<file name="bigtmb-singwick.jpg" server="xo3.x10hosting.com//public_html/" local="131215442629758116" remote="131219972400000000" Dst="2" />
<file name="bigtmb-ute-shoshone.jpg" server="xo3.x10hosting.com//public_html/" local="131215442781306784" remote="131219972400000000" Dst="2" />
<file name="bigtmb-dig2.jpg" server="ftp.dargnet.org" local="131257368000000000" remote="131257368000000000" Dst="2" />
<file name="bigtmb-rockart.jpg" server="ftp.dargnet.org" local="131257368000000000" remote="131257368000000000" Dst="2" />
<file name="bigtmb-singwick.jpg" server="ftp.dargnet.org" local="131257368000000000" remote="131257368000000000" Dst="2" />
<file name="bigtmb-ute-shoshone.jpg" server="ftp.dargnet.org" local="131257368000000000" remote="131257368000000000" Dst="2" />
<file name="2015 2016 Bison and others 772.jpg" server="ftp.dargnet.org" local="131321717938319795" remote="131329737600000000" Dst="1" />
<file name="Archaeoastronomy photo.jpg" server="ftp.dargnet.org" local="131321696518460809" remote="131329737600000000" Dst="1" />
<file name="bigtmb-profile.jpg" server="ftp.dargnet.org" local="131257368000000000" remote="131257368000000000" Dst="2" />
<file name="The Eagle Rock Shelter.jpg" server="ftp.dargnet.org" local="131486031505479214" remote="131486108400000000" Dst="2" />
<file name="DARG 3, a female skull with cranial impact indentation.jpg" server="ftp.dargnet.org" local="131577617950019108" remote="131577691800000000" Dst="1" />
</dwsync>