<?xml version="1.0" encoding="utf-8" ?>
<dwsync>
<file name="Eagle 1.jpg" server="ftp.dargnet.org" local="131520608488872126" remote="131520704400000000" Dst="2" />
<file name="Eagle 10.jpg" server="ftp.dargnet.org" local="131520610539892856" remote="131520704400000000" Dst="2" />
<file name="Eagle 11.jpg" server="ftp.dargnet.org" local="131520610619985121" remote="131520704400000000" Dst="2" />
<file name="Eagle 12.jpg" server="ftp.dargnet.org" local="131520610834767177" remote="131520704400000000" Dst="2" />
<file name="Eagle 13.jpg" server="ftp.dargnet.org" local="131520610984388103" remote="131520704400000000" Dst="2" />
<file name="Eagle 14.jpg" server="ftp.dargnet.org" local="131520623974277834" remote="131520704400000000" Dst="2" />
<file name="Eagle 15.jpg" server="ftp.dargnet.org" local="131520624609125829" remote="131520704400000000" Dst="2" />
<file name="Eagle 16.jpg" server="ftp.dargnet.org" local="131520625344000147" remote="131520704400000000" Dst="2" />
<file name="Eagle 17.jpg" server="ftp.dargnet.org" local="131520626403160814" remote="131520704400000000" Dst="2" />
<file name="Eagle 18.jpg" server="ftp.dargnet.org" local="131520626624397929" remote="131520704400000000" Dst="2" />
<file name="Eagle 19.jpg" server="ftp.dargnet.org" local="131520627072997786" remote="131520704400000000" Dst="2" />
<file name="Eagle 2.jpg" server="ftp.dargnet.org" local="131520608685586442" remote="131520704400000000" Dst="2" />
<file name="Eagle 20.jpg" server="ftp.dargnet.org" local="131520627334286955" remote="131520704400000000" Dst="2" />
<file name="Eagle 21.jpg" server="ftp.dargnet.org" local="131520627977305110" remote="131520705000000000" Dst="2" />
<file name="Eagle 3.jpg" server="ftp.dargnet.org" local="131520608923141157" remote="131520705000000000" Dst="2" />
<file name="Eagle 4.jpg" server="ftp.dargnet.org" local="131520609054984890" remote="131520705000000000" Dst="2" />
<file name="Eagle 5.jpg" server="ftp.dargnet.org" local="131520609364273879" remote="131520705000000000" Dst="2" />
<file name="Eagle 6.jpg" server="ftp.dargnet.org" local="131520609674941242" remote="131520705000000000" Dst="2" />
<file name="Eagle 7.jpg" server="ftp.dargnet.org" local="131520609894781689" remote="131520705000000000" Dst="2" />
<file name="Eagle 8.jpg" server="ftp.dargnet.org" local="131520610041718189" remote="131520705000000000" Dst="2" />
<file name="Eagle 9.jpg" server="ftp.dargnet.org" local="131520610193378361" remote="131520705000000000" Dst="2" />
</dwsync>