<?xml version="1.0" encoding="utf-8" ?>
<dwsync>
<file name="_animated.scss" server="ftp.dargnet.org" local="131323474833330879" remote="131329737600000000" Dst="1" />
<file name="_bordered-pulled.scss" server="ftp.dargnet.org" local="131323474833487143" remote="131329737600000000" Dst="1" />
<file name="_core.scss" server="ftp.dargnet.org" local="131323474833643403" remote="131329737600000000" Dst="1" />
<file name="_fixed-width.scss" server="ftp.dargnet.org" local="131323474833643403" remote="131329737600000000" Dst="1" />
<file name="_icons.scss" server="ftp.dargnet.org" local="131323474833799665" remote="131329737600000000" Dst="1" />
<file name="_larger.scss" server="ftp.dargnet.org" local="131323474833799665" remote="131329737600000000" Dst="1" />
<file name="_list.scss" server="ftp.dargnet.org" local="131323474833955942" remote="131329737600000000" Dst="1" />
<file name="_mixins.scss" server="ftp.dargnet.org" local="131323474833955942" remote="131329737600000000" Dst="1" />
<file name="_path.scss" server="ftp.dargnet.org" local="131323474834112465" remote="131329737600000000" Dst="1" />
<file name="_rotated-flipped.scss" server="ftp.dargnet.org" local="131323474834112465" remote="131329737600000000" Dst="1" />
<file name="_screen-reader.scss" server="ftp.dargnet.org" local="131323474834112465" remote="131329737600000000" Dst="1" />
<file name="_stacked.scss" server="ftp.dargnet.org" local="131323474834268732" remote="131329737600000000" Dst="1" />
<file name="_variables.scss" server="ftp.dargnet.org" local="131323474834268732" remote="131329737600000000" Dst="1" />
<file name="font-awesome.css" server="ftp.dargnet.org" local="131323474845190490" remote="131329737600000000" Dst="1" />
<file name="font-awesome.scss" server="ftp.dargnet.org" local="131323474833330879" remote="131329737600000000" Dst="1" />
</dwsync>